-- MySQL dump 10.13  Distrib 5.7.41, for Win64 (x86_64)
--
-- Host: j9a303.p.ssafy.io    Database: curious
-- ------------------------------------------------------
-- Server version	8.1.0

/*!40101 SET @OLD_CHARACTER_SET_CLIENT=@@CHARACTER_SET_CLIENT */;
/*!40101 SET @OLD_CHARACTER_SET_RESULTS=@@CHARACTER_SET_RESULTS */;
/*!40101 SET @OLD_COLLATION_CONNECTION=@@COLLATION_CONNECTION */;
/*!40101 SET NAMES utf8 */;
/*!40103 SET @OLD_TIME_ZONE=@@TIME_ZONE */;
/*!40103 SET TIME_ZONE='+00:00' */;
/*!40014 SET @OLD_UNIQUE_CHECKS=@@UNIQUE_CHECKS, UNIQUE_CHECKS=0 */;
/*!40014 SET @OLD_FOREIGN_KEY_CHECKS=@@FOREIGN_KEY_CHECKS, FOREIGN_KEY_CHECKS=0 */;
/*!40101 SET @OLD_SQL_MODE=@@SQL_MODE, SQL_MODE='NO_AUTO_VALUE_ON_ZERO' */;
/*!40111 SET @OLD_SQL_NOTES=@@SQL_NOTES, SQL_NOTES=0 */;

--
-- Table structure for table `bookmarked_article`
--

DROP TABLE IF EXISTS `bookmarked_article`;
/*!40101 SET @saved_cs_client     = @@character_set_client */;
/*!40101 SET character_set_client = utf8 */;
CREATE TABLE `bookmarked_article` (
  `id` bigint NOT NULL AUTO_INCREMENT,
  `created_at` datetime(6) DEFAULT NULL,
  `url` varchar(500) CHARACTER SET utf8mb4 COLLATE utf8mb4_0900_ai_ci DEFAULT NULL,
  `member_id` bigint DEFAULT NULL,
  PRIMARY KEY (`id`),
  KEY `FKt17od2eil8ftybvvek7ypamf5` (`member_id`),
  CONSTRAINT `FKt17od2eil8ftybvvek7ypamf5` FOREIGN KEY (`member_id`) REFERENCES `member` (`member_id`)
) ENGINE=InnoDB AUTO_INCREMENT=46 DEFAULT CHARSET=utf8mb4 COLLATE=utf8mb4_0900_ai_ci;
/*!40101 SET character_set_client = @saved_cs_client */;

--
-- Dumping data for table `bookmarked_article`
--

LOCK TABLES `bookmarked_article` WRITE;
/*!40000 ALTER TABLE `bookmarked_article` DISABLE KEYS */;
INSERT INTO `bookmarked_article` VALUES (10,'2023-10-05 05:02:29.182733','https://www.nocutnews.co.kr/news/6005150',93),(11,'2023-10-05 05:02:29.236731','https://www.news1.kr/articles/5158846',93),(12,'2023-10-05 05:02:29.267766','http://www.newsis.com/view/?id=NISX20230901_0002435353&cID=10301&pID=10300',93),(13,'2023-10-05 05:02:29.295759','https://www.news1.kr/photos/view/?6189740',93),(14,'2023-10-05 05:02:29.325730','https://www.news1.kr/photos/view/?6189739',93),(15,'2023-10-05 05:02:29.353730','https://www.news1.kr/photos/view/?6189733',93),(16,'2023-10-05 05:22:44.478441','https://news.kbs.co.kr/news/view.do?ncd=7763742&amp;ref=A',93),(26,'2023-10-05 14:09:41.953603','https://www.chosun.com/economy/science/2023/10/05/C6BZ4I5DTRGVXIGNNYNXWQ6DHI/?utm_source=naver&utm_medium=referral&utm_campaign=naver-news',93),(29,'2023-10-05 16:18:33.301154','https://www.joongang.co.kr/article/25197058',93),(30,'2023-10-05 16:18:36.985577','',93),(31,'2023-10-05 16:18:53.504414','https://www.news1.kr/photos/view/?6249023',93),(33,'2023-10-05 17:37:05.940642','http://news.heraldcorp.com/view.php?ud=20231005000229',93),(39,'2023-10-05 22:37:24.719290','https://www.yna.co.kr/view/AKR20231005042100009?input=1195m',93),(40,'2023-10-06 01:12:28.378311','https://www.news1.kr/photos/view/?6249019',93),(41,'2023-10-06 01:15:24.929597','https://www.news1.kr/articles/5190087',93),(42,'2023-10-06 01:15:40.277356','http://www.newsis.com/view/?id=NISX20231005_0002471952&cID=10101&pID=10100',93),(43,'2023-10-06 01:22:05.815079','http://www.newsis.com/view/?id=NISX20231004_0002471543&cID=10301&pID=10300',135),(44,'2023-10-06 01:22:17.573842','https://www.dailian.co.kr/news/view/1279428/?sc=Naver',135);
/*!40000 ALTER TABLE `bookmarked_article` ENABLE KEYS */;
UNLOCK TABLES;

--
-- Table structure for table `category_preferences`
--

DROP TABLE IF EXISTS `category_preferences`;
/*!40101 SET @saved_cs_client     = @@character_set_client */;
/*!40101 SET character_set_client = utf8 */;
CREATE TABLE `category_preferences` (
  `member_id` bigint NOT NULL,
  `categoryPreference` int DEFAULT NULL,
  `categoryPreference_KEY` varchar(255) NOT NULL,
  PRIMARY KEY (`member_id`,`categoryPreference_KEY`),
  CONSTRAINT `FKpietps12oi9bmbl93prr8qhc` FOREIGN KEY (`member_id`) REFERENCES `member` (`member_id`)
) ENGINE=InnoDB DEFAULT CHARSET=utf8mb4 COLLATE=utf8mb4_0900_ai_ci;
/*!40101 SET character_set_client = @saved_cs_client */;

--
-- Dumping data for table `category_preferences`
--

LOCK TABLES `category_preferences` WRITE;
/*!40000 ALTER TABLE `category_preferences` DISABLE KEYS */;
INSERT INTO `category_preferences` VALUES (126,1,'ECONOMICS'),(126,0,'POLITICS'),(126,0,'SCIENCE'),(126,0,'SOCIAL'),(126,0,'WORLD'),(127,0,'ADMINISTRATION'),(127,0,'AFRICA'),(127,0,'ASIA_AUSTRAILA'),(127,0,'COMPUTER'),(127,0,'DEFENSE_DIPLOMACY'),(127,0,'ECONOMICS'),(127,0,'ECONOMICS_GENERAL'),(127,0,'EDUCATION'),(127,0,'ENVIRONMENT'),(127,0,'EUROPE'),(127,0,'FINANCE'),(127,0,'FOOD_MEDICINE'),(127,0,'GLOBAL_ECONOMY'),(127,0,'HUMAN_RIGHTS_WELFARE'),(127,0,'INCIDENT_ACCIDENT'),(127,0,'LABOR'),(127,0,'LIVING_ECONOMY'),(127,0,'MIDDLE_SMALL'),(127,0,'MOBILE'),(127,0,'NATIONAL_ASSEMBLY'),(127,0,'NEWMEDIA'),(127,0,'NORTH_KOREA'),(127,0,'POLITICS'),(127,0,'POLITICS_GENERAL'),(127,0,'PRESIDENT'),(127,0,'PRESS'),(127,0,'REAL_ESTATE'),(127,0,'SCIENCE'),(127,0,'SECURITIES'),(127,0,'SECURITIY'),(127,0,'SOCIAL'),(127,0,'SOCIAL_ECONOMY'),(127,0,'SOCIAL_GENERAL'),(127,0,'USA'),(127,0,'WORLD'),(134,2,'ECONOMICS'),(134,1,'POLITICS'),(134,4,'SCIENCE'),(134,4,'SOCIAL'),(134,1,'WORLD'),(135,6,'ECONOMICS'),(135,0,'POLITICS'),(135,0,'SCIENCE'),(135,0,'SOCIAL'),(135,0,'WORLD');
/*!40000 ALTER TABLE `category_preferences` ENABLE KEYS */;
UNLOCK TABLES;

--
-- Table structure for table `history`
--

DROP TABLE IF EXISTS `history`;
/*!40101 SET @saved_cs_client     = @@character_set_client */;
/*!40101 SET character_set_client = utf8 */;
CREATE TABLE `history` (
  `id` bigint NOT NULL AUTO_INCREMENT,
  `created_at` datetime(6) DEFAULT NULL,
  `articleId` varchar(255) DEFAULT NULL,
  `category1` int DEFAULT NULL,
  `company` int DEFAULT NULL,
  `member_id` bigint DEFAULT NULL,
  PRIMARY KEY (`id`),
  KEY `FKbnwj6i7md9xd8vr1pfqqbf1q5` (`member_id`),
  CONSTRAINT `FKbnwj6i7md9xd8vr1pfqqbf1q5` FOREIGN KEY (`member_id`) REFERENCES `member` (`member_id`)
) ENGINE=InnoDB AUTO_INCREMENT=459 DEFAULT CHARSET=utf8mb4 COLLATE=utf8mb4_0900_ai_ci;
/*!40101 SET character_set_client = @saved_cs_client */;

--
-- Dumping data for table `history`
--

LOCK TABLES `history` WRITE;
/*!40000 ALTER TABLE `history` DISABLE KEYS */;
INSERT INTO `history` VALUES (1,'2023-10-04 03:53:45.035671','https://www.nocutnews.co.kr/news/6005150',0,26,93),(2,'2023-10-04 03:54:27.916262','https://www.news1.kr/photos/view/?6189733',0,2,93),(3,'2023-10-04 03:56:50.847980','https://www.news1.kr/photos/view/?6189739',0,2,93),(4,'2023-10-04 07:49:27.178974','https://www.news1.kr/photos/view/?6189733',0,2,93),(405,'2023-10-04 08:38:05.518867','https://www.nocutnews.co.kr/news/6005150',0,26,93),(407,'2023-10-05 17:31:58.016516','https://www.yna.co.kr/view/AKR20231005042100009?input=1195m',0,0,93),(440,'2023-10-06 01:09:41.317689','http://news.heraldcorp.com/view.php?ud=20231005000229',7,4,135),(441,'2023-10-06 01:10:36.659413','https://www.mk.co.kr/article/10842771',7,8,135),(442,'2023-10-06 01:11:47.689166','http://www.edaily.co.kr/news/newspath.asp?newsid=01994246635769968',7,5,135),(443,'2023-10-06 01:12:48.011258','http://www.edaily.co.kr/news/newspath.asp?newsid=01994246635769968',7,5,135),(444,'2023-10-06 01:12:52.271704','http://www.newsis.com/view/?id=NISX20231005_0002471978&cID=15001&pID=15000',7,1,135),(445,'2023-10-06 01:12:55.743271','http://www.edaily.co.kr/news/newspath.asp?newsid=01997526635769968',7,5,135),(447,'2023-10-06 01:36:55.140957','https://www.yna.co.kr/view/AKR20231005042100009?input=1195m',0,0,134),(448,'2023-10-06 01:36:58.952061','http://news.heraldcorp.com/view.php?ud=20231005000229',7,4,134),(449,'2023-10-06 01:37:29.796684','https://www.news1.kr/photos/view/?6249023',16,2,134),(450,'2023-10-06 01:37:33.307220','http://www.newsis.com/view/?id=NISX20231005_0002472332&cID=13005&pID=13100',25,1,134),(451,'2023-10-06 01:37:35.821847','https://www.news1.kr/articles/5190087',26,2,134),(452,'2023-10-06 01:37:56.327917','http://www.fnnews.com/news/202310051106492382',25,7,134),(453,'2023-10-06 01:37:57.839723','http://www.fnnews.com/news/202310051045180272',25,7,134),(454,'2023-10-06 01:38:07.451395','http://news.heraldcorp.com/view.php?ud=20231005000229',7,4,134),(455,'2023-10-06 01:38:11.277568','https://www.news1.kr/photos/view/?6249023',16,2,134),(456,'2023-10-06 01:38:11.929234','https://www.news1.kr/photos/view/?6249023',16,2,134),(457,'2023-10-06 01:38:12.576773','https://www.news1.kr/photos/view/?6249023',16,2,134),(458,'2023-10-06 01:38:29.101587','http://www.newsis.com/view/?id=NISX20231005_0002472302&cID=13005&pID=13100',25,1,134);
/*!40000 ALTER TABLE `history` ENABLE KEYS */;
UNLOCK TABLES;

--
-- Table structure for table `member`
--

DROP TABLE IF EXISTS `member`;
/*!40101 SET @saved_cs_client     = @@character_set_client */;
/*!40101 SET character_set_client = utf8 */;
CREATE TABLE `member` (
  `member_id` bigint NOT NULL AUTO_INCREMENT,
  `created_at` datetime(6) DEFAULT NULL,
  `deleted_at` datetime(6) DEFAULT NULL,
  `updated_at` datetime(6) DEFAULT NULL,
  `birthday` date DEFAULT NULL,
  `contact` varchar(255) DEFAULT NULL,
  `email` varchar(255) NOT NULL,
  `is_social` bit(1) NOT NULL DEFAULT b'0',
  `name` varchar(255) NOT NULL,
  `password` varchar(255) NOT NULL,
  PRIMARY KEY (`member_id`),
  UNIQUE KEY `UK_mbmcqelty0fbrvxp1q58dn57t` (`email`)
) ENGINE=InnoDB AUTO_INCREMENT=136 DEFAULT CHARSET=utf8mb4 COLLATE=utf8mb4_0900_ai_ci;
/*!40101 SET character_set_client = @saved_cs_client */;

--
-- Dumping data for table `member`
--

LOCK TABLES `member` WRITE;
/*!40000 ALTER TABLE `member` DISABLE KEYS */;
INSERT INTO `member` VALUES (2,NULL,NULL,'2023-10-04 07:46:21.242546','2023-09-15','010-0000-0000','wangbabo1@babo.com',_binary '\0','남현실','$2a$10$m43fGpCANc6Hk43eO7GAvejGIkckrsbw0K2tRBQc553E9.XX/ipH2'),(69,NULL,NULL,NULL,'2023-09-20','010-4555-0943','pjy7814@naver.com',_binary '\0','박지영','$2a$10$BQcDVYV.gj5Ee7YKzT.BVemTgkNci3chVZ1X5kxLklwVPz4dEx09W'),(93,NULL,NULL,'2023-10-04 08:41:18.592191','2000-01-03','010-1111-2222','babo1@babo.com',_binary '\0','남현실','$2a$10$SAKAONj7jibCguGMZSLxAePn4kjt9UuAxDiQ3W1jeNyKdNy.f6iLm'),(119,'2023-10-05 05:13:57.841613',NULL,'2023-10-05 05:13:57.841613','2023-09-15','010-2840-0502','kyungies2@gmail.com',_binary '\0','박지영','$2a$10$JRCx/pzlZFOIjJ8ggL8YJeu.K.8jttHvVEtY5w5JXJswKVv3TE7Xa'),(126,'2023-10-06 00:26:20.894508',NULL,'2023-10-06 00:26:20.894508','2000-01-03','010-2840-0502','babo2@babo.com',_binary '\0','남현실','$2a$10$BUJ44Xkwc49LQlmf.6y46OWdZWXopsHSbdySThCo/NBMQXvLeuHi.'),(127,'2023-10-06 00:27:44.674495',NULL,'2023-10-06 00:27:44.674495','2023-09-15','010-2840-0502','yikyung52@naver.com',_binary '\0','배이경','$2a$10$rSMWoXQOfoANslOKgMkAluIP8u44wPZngjGKZnYynfhpnHCt9S3Re'),(134,'2023-10-06 00:43:54.373404',NULL,'2023-10-06 00:43:54.373404','1995-06-26','010-3237-4676','hsilnam@naver.com',_binary '\0','남현실','$2a$10$ya8kVJa9NiAV0dS/U2139O.T/xxGeQ2zoWZhfj3Klp.F7b3q7ywSO'),(135,'2023-10-06 01:07:40.666683',NULL,'2023-10-06 01:07:40.666683','2023-10-02','010-1818-1818','jwoohaha@naver.com',_binary '\0','우재하','$2a$10$Ptgx0mrzuTl.vuWYg37lseRdC4lcrnIBF0J5jojCM4PyO3eSlM.gq');
/*!40000 ALTER TABLE `member` ENABLE KEYS */;
UNLOCK TABLES;

--
-- Table structure for table `press_preferences`
--

DROP TABLE IF EXISTS `press_preferences`;
/*!40101 SET @saved_cs_client     = @@character_set_client */;
/*!40101 SET character_set_client = utf8 */;
CREATE TABLE `press_preferences` (
  `member_id` bigint NOT NULL,
  `pressPreference` int DEFAULT NULL,
  `pressPreference_KEY` varchar(255) NOT NULL,
  PRIMARY KEY (`member_id`,`pressPreference_KEY`),
  CONSTRAINT `FKg9kgqj61qm2ju7saiuo1jx3fo` FOREIGN KEY (`member_id`) REFERENCES `member` (`member_id`)
) ENGINE=InnoDB DEFAULT CHARSET=utf8mb4 COLLATE=utf8mb4_0900_ai_ci;
/*!40101 SET character_set_client = @saved_cs_client */;

--
-- Dumping data for table `press_preferences`
--

LOCK TABLES `press_preferences` WRITE;
/*!40000 ALTER TABLE `press_preferences` DISABLE KEYS */;
INSERT INTO `press_preferences` VALUES (93,5,'ASIAECONOMICS'),(93,5,'BIZWATCH'),(93,5,'BUSANILBO'),(93,5,'CHANNELA'),(93,5,'CHOSUNBIZ'),(93,5,'CHOSUNILBO'),(93,5,'CJB'),(93,5,'DAEGUMBC'),(93,5,'DAEJEONILBO'),(93,5,'DAILIAN'),(93,5,'DIGITALDAILY'),(93,5,'DIGITALTIMES'),(93,5,'DONGA'),(93,5,'ECONOMIST'),(93,5,'EDAILY'),(93,5,'ELECTRONICNEWS'),(93,5,'FINANCIALNEWS'),(93,5,'GANGWONDOMINILBO'),(93,5,'GANGWONILBO'),(93,5,'GYEONGGIILBO'),(93,5,'HANKOOKILBO'),(93,5,'HANKYOREH'),(93,5,'HANKYUNGBUSINESS'),(93,5,'HERALDECONOMICS'),(93,5,'INEWS24'),(93,5,'INTERNATIONALNEWSPAPER'),(93,5,'JEONJUMBC'),(93,5,'JIBS'),(93,5,'JOONGANGILBO'),(93,5,'JOONGANGSUNDAY'),(93,5,'JTBC'),(93,5,'KBCGWANGJU'),(93,5,'KBS'),(93,5,'KOOKMINILBO'),(93,5,'KOREACJOONGANGDAILY'),(93,5,'KOREAECONOMICS'),(93,5,'KOREAECONOMICTV'),(93,5,'KYUNGHYANG'),(93,5,'MAEILECONOMICS'),(93,5,'MAEILNEWSPAPER'),(93,5,'MAEKYEONGECONOMICS'),(93,5,'MBC'),(93,5,'MBN'),(93,5,'MONEYS'),(93,5,'MONEYTODAY'),(93,5,'MUNHWA'),(93,8,'NEWS1'),(93,5,'NEWSIS'),(93,7,'NOCUTNEWS'),(93,5,'NONGMINNEWSPAPER'),(93,5,'OHMYNEWS'),(93,5,'PRESSIAN'),(93,5,'SBS'),(93,5,'SBSBIZ'),(93,5,'SEOULECONOMICS'),(93,5,'SEOULNEWSPAPER'),(93,5,'SISAJOURNAL'),(93,5,'SPORTSCHOSUN'),(93,5,'SPORTSSEOUL'),(93,5,'TAXNEWSPAPER'),(93,5,'THEFACT'),(93,5,'TVCHOSUN'),(93,5,'WEEKLYCHOSUN'),(93,5,'WOMENSNEWSPAPER'),(93,5,'WORLDILBO'),(93,6,'YEONHAP'),(93,5,'YEONHAPNEWSTV'),(93,5,'YTN'),(93,5,'ZDNETKOREA'),(119,0,'ASIAECONOMICS'),(119,0,'BIZWATCH'),(119,0,'BUSANILBO'),(119,0,'CHANNELA'),(119,0,'CHOSUNBIZ'),(119,0,'CHOSUNILBO'),(119,0,'CJB'),(119,0,'DAEGUMBC'),(119,0,'DAEJEONILBO'),(119,0,'DAILIAN'),(119,0,'DIGITALDAILY'),(119,0,'DIGITALTIMES'),(119,0,'DONGA'),(119,0,'ECONOMIST'),(119,0,'EDAILY'),(119,0,'ELECTRONICNEWS'),(119,0,'FINANCIALNEWS'),(119,0,'GANGWONDOMINILBO'),(119,0,'GANGWONILBO'),(119,0,'GYEONGGIILBO'),(119,0,'HANKOOKILBO'),(119,0,'HANKYOREH'),(119,0,'HANKYUNGBUSINESS'),(119,0,'HERALDECONOMICS'),(119,0,'INEWS24'),(119,0,'INTERNATIONALNEWSPAPER'),(119,0,'JEONJUMBC'),(119,0,'JIBS'),(119,0,'JOONGANGILBO'),(119,0,'JOONGANGSUNDAY'),(119,0,'JTBC'),(119,0,'KBCGWANGJU'),(119,0,'KBS'),(119,0,'KOOKMINILBO'),(119,0,'KOREACJOONGANGDAILY'),(119,0,'KOREAECONOMICS'),(119,0,'KOREAECONOMICTV'),(119,0,'KYUNGHYANG'),(119,0,'MAEILECONOMICS'),(119,0,'MAEILNEWSPAPER'),(119,0,'MAEKYEONGECONOMICS'),(119,0,'MBC'),(119,0,'MBN'),(119,0,'MONEYS'),(119,0,'MONEYTODAY'),(119,0,'MUNHWA'),(119,0,'NEWS1'),(119,0,'NEWSIS'),(119,0,'NOCUTNEWS'),(119,0,'NONGMINNEWSPAPER'),(119,0,'OHMYNEWS'),(119,0,'PRESSIAN'),(119,0,'SBS'),(119,0,'SBSBIZ'),(119,0,'SEOULECONOMICS'),(119,0,'SEOULNEWSPAPER'),(119,0,'SISAJOURNAL'),(119,0,'SPORTSCHOSUN'),(119,0,'SPORTSSEOUL'),(119,0,'TAXNEWSPAPER'),(119,0,'THEFACT'),(119,0,'TVCHOSUN'),(119,0,'WEEKLYCHOSUN'),(119,0,'WOMENSNEWSPAPER'),(119,0,'WORLDILBO'),(119,0,'YEONHAP'),(119,0,'YEONHAPNEWSTV'),(119,0,'YTN'),(119,0,'ZDNETKOREA'),(126,0,'ASIAECONOMICS'),(126,0,'BIZWATCH'),(126,0,'BUSANILBO'),(126,0,'CHANNELA'),(126,0,'CHOSUNBIZ'),(126,0,'CHOSUNILBO'),(126,0,'CJB'),(126,0,'DAEGUMBC'),(126,0,'DAEJEONILBO'),(126,0,'DAILIAN'),(126,0,'DIGITALDAILY'),(126,0,'DIGITALTIMES'),(126,0,'DONGA'),(126,0,'ECONOMIST'),(126,0,'EDAILY'),(126,0,'ELECTRONICNEWS'),(126,0,'FINANCIALNEWS'),(126,0,'GANGWONDOMINILBO'),(126,0,'GANGWONILBO'),(126,0,'GYEONGGIILBO'),(126,0,'HANKOOKILBO'),(126,0,'HANKYOREH'),(126,0,'HANKYUNGBUSINESS'),(126,1,'HERALDECONOMICS'),(126,0,'INEWS24'),(126,0,'INTERNATIONALNEWSPAPER'),(126,0,'JEONJUMBC'),(126,0,'JIBS'),(126,0,'JOONGANGILBO'),(126,0,'JOONGANGSUNDAY'),(126,0,'JTBC'),(126,0,'KBCGWANGJU'),(126,0,'KBS'),(126,0,'KOOKMINILBO'),(126,0,'KOREACJOONGANGDAILY'),(126,0,'KOREAECONOMICS'),(126,0,'KOREAECONOMICTV'),(126,0,'KYUNGHYANG'),(126,0,'MAEILECONOMICS'),(126,0,'MAEILNEWSPAPER'),(126,0,'MAEKYEONGECONOMICS'),(126,0,'MBC'),(126,0,'MBN'),(126,0,'MONEYS'),(126,0,'MONEYTODAY'),(126,0,'MUNHWA'),(126,0,'NEWS1'),(126,0,'NEWSIS'),(126,0,'NOCUTNEWS'),(126,0,'NONGMINNEWSPAPER'),(126,0,'OHMYNEWS'),(126,0,'PRESSIAN'),(126,0,'SBS'),(126,0,'SBSBIZ'),(126,0,'SEOULECONOMICS'),(126,0,'SEOULNEWSPAPER'),(126,0,'SISAJOURNAL'),(126,0,'SPORTSCHOSUN'),(126,0,'SPORTSSEOUL'),(126,0,'TAXNEWSPAPER'),(126,0,'THEFACT'),(126,0,'TVCHOSUN'),(126,0,'WEEKLYCHOSUN'),(126,0,'WOMENSNEWSPAPER'),(126,0,'WORLDILBO'),(126,0,'YEONHAP'),(126,0,'YEONHAPNEWSTV'),(126,0,'YTN'),(126,0,'ZDNETKOREA'),(127,0,'ASIAECONOMICS'),(127,0,'BIZWATCH'),(127,0,'BUSANILBO'),(127,0,'CHANNELA'),(127,0,'CHOSUNBIZ'),(127,0,'CHOSUNILBO'),(127,0,'CJB'),(127,0,'DAEGUMBC'),(127,0,'DAEJEONILBO'),(127,0,'DAILIAN'),(127,0,'DIGITALDAILY'),(127,0,'DIGITALTIMES'),(127,0,'DONGA'),(127,0,'ECONOMIST'),(127,0,'EDAILY'),(127,0,'ELECTRONICNEWS'),(127,0,'FINANCIALNEWS'),(127,0,'GANGWONDOMINILBO'),(127,0,'GANGWONILBO'),(127,0,'GYEONGGIILBO'),(127,0,'HANKOOKILBO'),(127,0,'HANKYOREH'),(127,0,'HANKYUNGBUSINESS'),(127,0,'HERALDECONOMICS'),(127,0,'INEWS24'),(127,0,'INTERNATIONALNEWSPAPER'),(127,0,'JEONJUMBC'),(127,0,'JIBS'),(127,0,'JOONGANGILBO'),(127,0,'JOONGANGSUNDAY'),(127,0,'JTBC'),(127,0,'KBCGWANGJU'),(127,0,'KBS'),(127,0,'KOOKMINILBO'),(127,0,'KOREACJOONGANGDAILY'),(127,0,'KOREAECONOMICS'),(127,0,'KOREAECONOMICTV'),(127,0,'KYUNGHYANG'),(127,0,'MAEILECONOMICS'),(127,0,'MAEILNEWSPAPER'),(127,0,'MAEKYEONGECONOMICS'),(127,0,'MBC'),(127,0,'MBN'),(127,0,'MONEYS'),(127,0,'MONEYTODAY'),(127,0,'MUNHWA'),(127,0,'NEWS1'),(127,0,'NEWSIS'),(127,0,'NOCUTNEWS'),(127,0,'NONGMINNEWSPAPER'),(127,0,'OHMYNEWS'),(127,0,'PRESSIAN'),(127,0,'SBS'),(127,0,'SBSBIZ'),(127,0,'SEOULECONOMICS'),(127,0,'SEOULNEWSPAPER'),(127,0,'SISAJOURNAL'),(127,0,'SPORTSCHOSUN'),(127,0,'SPORTSSEOUL'),(127,0,'TAXNEWSPAPER'),(127,0,'THEFACT'),(127,0,'TVCHOSUN'),(127,0,'WEEKLYCHOSUN'),(127,0,'WOMENSNEWSPAPER'),(127,0,'WORLDILBO'),(127,0,'YEONHAP'),(127,0,'YEONHAPNEWSTV'),(127,0,'YTN'),(127,0,'ZDNETKOREA'),(134,0,'ASIAECONOMICS'),(134,0,'BIZWATCH'),(134,0,'BUSANILBO'),(134,0,'CHANNELA'),(134,1,'CHOSUNBIZ'),(134,0,'CHOSUNILBO'),(134,0,'CJB'),(134,0,'DAEGUMBC'),(134,0,'DAEJEONILBO'),(134,0,'DAILIAN'),(134,0,'DIGITALDAILY'),(134,0,'DIGITALTIMES'),(134,0,'DONGA'),(134,0,'ECONOMIST'),(134,0,'EDAILY'),(134,0,'ELECTRONICNEWS'),(134,2,'FINANCIALNEWS'),(134,0,'GANGWONDOMINILBO'),(134,0,'GANGWONILBO'),(134,0,'GYEONGGIILBO'),(134,0,'HANKOOKILBO'),(134,0,'HANKYOREH'),(134,0,'HANKYUNGBUSINESS'),(134,7,'HERALDECONOMICS'),(134,0,'INEWS24'),(134,0,'INTERNATIONALNEWSPAPER'),(134,0,'JEONJUMBC'),(134,0,'JIBS'),(134,0,'JOONGANGILBO'),(134,0,'JOONGANGSUNDAY'),(134,0,'JTBC'),(134,0,'KBCGWANGJU'),(134,0,'KBS'),(134,0,'KOOKMINILBO'),(134,0,'KOREACJOONGANGDAILY'),(134,0,'KOREAECONOMICS'),(134,0,'KOREAECONOMICTV'),(134,0,'KYUNGHYANG'),(134,1,'MAEILECONOMICS'),(134,5,'MAEILNEWSPAPER'),(134,0,'MAEKYEONGECONOMICS'),(134,0,'MBC'),(134,0,'MBN'),(134,0,'MONEYS'),(134,3,'MONEYTODAY'),(134,0,'MUNHWA'),(134,5,'NEWS1'),(134,6,'NEWSIS'),(134,0,'NOCUTNEWS'),(134,0,'NONGMINNEWSPAPER'),(134,0,'OHMYNEWS'),(134,0,'PRESSIAN'),(134,0,'SBS'),(134,0,'SBSBIZ'),(134,0,'SEOULECONOMICS'),(134,0,'SEOULNEWSPAPER'),(134,0,'SISAJOURNAL'),(134,0,'SPORTSCHOSUN'),(134,0,'SPORTSSEOUL'),(134,0,'TAXNEWSPAPER'),(134,0,'THEFACT'),(134,0,'TVCHOSUN'),(134,0,'WEEKLYCHOSUN'),(134,0,'WOMENSNEWSPAPER'),(134,0,'WORLDILBO'),(134,13,'YEONHAP'),(134,0,'YEONHAPNEWSTV'),(134,0,'YTN'),(134,0,'ZDNETKOREA'),(135,0,'ASIAECONOMICS'),(135,0,'BIZWATCH'),(135,0,'BUSANILBO'),(135,0,'CHANNELA'),(135,0,'CHOSUNBIZ'),(135,0,'CHOSUNILBO'),(135,0,'CJB'),(135,0,'DAEGUMBC'),(135,0,'DAEJEONILBO'),(135,0,'DAILIAN'),(135,0,'DIGITALDAILY'),(135,0,'DIGITALTIMES'),(135,0,'DONGA'),(135,0,'ECONOMIST'),(135,3,'EDAILY'),(135,0,'ELECTRONICNEWS'),(135,0,'FINANCIALNEWS'),(135,0,'GANGWONDOMINILBO'),(135,0,'GANGWONILBO'),(135,0,'GYEONGGIILBO'),(135,0,'HANKOOKILBO'),(135,0,'HANKYOREH'),(135,0,'HANKYUNGBUSINESS'),(135,1,'HERALDECONOMICS'),(135,0,'INEWS24'),(135,0,'INTERNATIONALNEWSPAPER'),(135,0,'JEONJUMBC'),(135,0,'JIBS'),(135,0,'JOONGANGILBO'),(135,0,'JOONGANGSUNDAY'),(135,0,'JTBC'),(135,0,'KBCGWANGJU'),(135,0,'KBS'),(135,0,'KOOKMINILBO'),(135,0,'KOREACJOONGANGDAILY'),(135,0,'KOREAECONOMICS'),(135,0,'KOREAECONOMICTV'),(135,0,'KYUNGHYANG'),(135,1,'MAEILECONOMICS'),(135,0,'MAEILNEWSPAPER'),(135,0,'MAEKYEONGECONOMICS'),(135,0,'MBC'),(135,0,'MBN'),(135,0,'MONEYS'),(135,0,'MONEYTODAY'),(135,0,'MUNHWA'),(135,0,'NEWS1'),(135,1,'NEWSIS'),(135,0,'NOCUTNEWS'),(135,0,'NONGMINNEWSPAPER'),(135,0,'OHMYNEWS'),(135,0,'PRESSIAN'),(135,0,'SBS'),(135,0,'SBSBIZ'),(135,0,'SEOULECONOMICS'),(135,0,'SEOULNEWSPAPER'),(135,0,'SISAJOURNAL'),(135,0,'SPORTSCHOSUN'),(135,0,'SPORTSSEOUL'),(135,0,'TAXNEWSPAPER'),(135,0,'THEFACT'),(135,0,'TVCHOSUN'),(135,0,'WEEKLYCHOSUN'),(135,0,'WOMENSNEWSPAPER'),(135,0,'WORLDILBO'),(135,0,'YEONHAP'),(135,0,'YEONHAPNEWSTV'),(135,0,'YTN'),(135,0,'ZDNETKOREA');
/*!40000 ALTER TABLE `press_preferences` ENABLE KEYS */;
UNLOCK TABLES;

--
-- Dumping routines for database 'curious'
--
/*!40103 SET TIME_ZONE=@OLD_TIME_ZONE */;

/*!40101 SET SQL_MODE=@OLD_SQL_MODE */;
/*!40014 SET FOREIGN_KEY_CHECKS=@OLD_FOREIGN_KEY_CHECKS */;
/*!40014 SET UNIQUE_CHECKS=@OLD_UNIQUE_CHECKS */;
/*!40101 SET CHARACTER_SET_CLIENT=@OLD_CHARACTER_SET_CLIENT */;
/*!40101 SET CHARACTER_SET_RESULTS=@OLD_CHARACTER_SET_RESULTS */;
/*!40101 SET COLLATION_CONNECTION=@OLD_COLLATION_CONNECTION */;
/*!40111 SET SQL_NOTES=@OLD_SQL_NOTES */;

-- Dump completed on 2023-10-06 11:01:27
